BP,type
121.1067258,Drug
130.1179231,Drug
87.61227398,Control
133.8707913,Drug
112.9656208,Drug
90.15825905,Control
93.82963172,Control
77.22296978,Control
119.1452732,Drug
106.9182314,Control
